,cluster_uid,target,sources,n_sources,method,shortest_PPI_path_score_hippie,shortest_PPI_path_score_stringdb,shortest_PPI_path_score_biogrid,shared_PPI_partners_score_hippie,shared_PPI_partners_score_stringdb,shared_PPI_partners_score_biogrid,goa_similarity_lin,goa_similarity_resnik,goa_similarity_jc,grn_collectri_precision,grn_collectri_recall,grn_collectri_jaccard
0,3f552c7b2ece,ACTB,APEX1;ATF2;ATF3;ATF4;ATF5;ATF6B;BCLAF1;BHLHE41;CEBPG;CIC;CREBZF;CTBP1;CTNNB1;DDIT3;DEAF1;DMAP1;DRAP1;E2F4;E4F1;ENO1;ERF;ESRRA;EWSR1;FEZF1;FOXJ3;GTF2F1;HDAC3;HEY1;HIF1A;HMGA1;HMGB2;HSF1;HSF2;HTATIP2;ING4;IRF9;JAZF1;JUND;KDM2A;KLF16;KLF6;LDB1;LRRFIP1;MAFG;MAZ;MBD1;MEF2D;MEIS3;MLX;MTA3;MZF1;NCOA1;NCOR2;NFE2L1;NFE2L2;NFIL3;NONO;NR1D2;NR2F6;OTP;PBX1;PBX2;PBX3;PEG3;PHF1;POU6F1;RBFOX2;RFX5;RXRB;RXRG;SF1;SFPQ;SKI;SMARCA1;SMARCA5;SND1;SOX2;SREBF1;SREBF2;SRF;SSRP1;STAT1;STAT2;STAT3;STAT5B;TBL1XR1;TBPL1;TERF2;TFCP2;TFE3;THAP11;THRA;TRIM28;UBP1;USF1;XBP1;ZBTB18;ZBTB4;ZBTB7A;ZFP90;ZGPAT;ZNF189;ZNF219;ZNF692;ZNF76;ZSCAN18,106,exp03-coregnet,0.49987,0.49093,0.50267,8.61962,7.36494,6.73424,0.52962,1.6138,0.46437,0.03774,0.19048,0.03252
1,45108971776a,APOE,ATF3;BCL6;BHLHE40;CEBPB;CEBPD;DBP;DDIT3;EGR1;ELK1;ENO1;FEZF1;FOS;HES4;HES5;HMGA1;HMGB2;HSF1;HSF2;HSF4;ID2;ID4;JAZF1;JUN;JUNB;JUND;KDM5D;MAFF;MEF2D;MEIS3;MESP1;NFIL3;NR1D1;NR2F1;NR2F2;NR4A1;OTP;PEG3;RBFOX2;RFX4;RXRG;SIX3;SOX2;SOX9;SREBF2;TBPL1;TEF;UBP1;ZSCAN18,48,exp03-coregnet,0.47001,0.52128,0.47119,5.97993,12.06249,4.08324,0.54434,1.70082,0.47871,0.02083,0.04167,0.01408
2,08b93a17b418,APP,APEX1;ATF2;ATF6B;BCLAF1;CIC;CREBL2;CREBZF;CTBP1;CTNNB1;DBP;DMAP1;DRAP1;E2F4;E4F1;EWSR1;FEZF1;FOXJ3;GTF2F1;HDAC3;HMGA1;HSF2;ING4;JAZF1;KDM2A;LDB1;LRRFIP1;MAFG;MAZ;MBD1;MEF2D;MLX;MTA3;NCOA1;NCOR2;NFE2L1;NONO;NR1D2;OTP;PBX1;PBX2;PEG3;PHF1;POU6F1;RBFOX2;RFX5;RXRB;RXRG;SALL2;SF1;SFPQ;SMARCA1;SMARCA5;SND1;SREBF2;SSRP1;STAT1;STAT5B;TBL1XR1;TBPL1;TEF;TERF2;TFCP2;TFE3;THAP11;TRIM28;UBP1;USF1;ZBTB18;ZBTB4;ZBTB7A;ZFP90;ZGPAT;ZNF189;ZSCAN18,74,exp03-coregnet,0.4971,0.47893,0.50157,9.49935,6.72552,8.11952,0.52705,1.54656,0.4664,0.06757,0.10204,0.04237
3,2b87cf3a3b44,BCL2L1,APEX1;ATF2;ATF4;ATF5;ATF6B;BCLAF1;CEBPG;CIC;CREBZF;CTBP1;CTNNB1;DEAF1;DMAP1;DRAP1;E2F4;E4F1;ENO1;ESRRA;EWSR1;FEZF1;FOXJ3;GTF2F1;HDAC3;HEY1;HMGA1;HSF1;HSF2;HTATIP2;ING4;IRF9;JAZF1;KDM2A;KLF16;LDB1;LRRFIP1;MAFG;MAZ;MBD1;MEF2D;MEIS3;MLX;MTA3;MZF1;NCOA1;NCOR2;NFE2L1;NFE2L2;NONO;NR2F6;OTP;PBX1;PBX2;PBX3;PEG3;PHF1;POU6F1;RBFOX2;RFX5;RXRB;RXRG;SF1;SFPQ;SKI;SMARCA1;SMARCA5;SND1;SREBF2;SRF;SSRP1;STAT1;STAT2;STAT5B;TBL1XR1;TBPL1;TERF2;TFCP2;TFE3;THAP11;THRA;TRIM28;UBP1;USF1;ZBTB18;ZBTB4;ZFP90;ZGPAT;ZNF219;ZNF692;ZNF76;ZSCAN18,90,exp03-coregnet,0.49632,0.47978,0.50012,8.45414,6.18511,6.94693,0.52937,1.57961,0.46766,0.06667,0.08955,0.03974
4,abaf72f1d8ae,BMI1,APEX1;ATF2;ATF4;ATF5;ATF6B;BCLAF1;BHLHE41;CEBPG;CIC;CREBL2;CREBZF;CTBP1;CTNNB1;DEAF1;DMAP1;DRAP1;E2F4;E4F1;EWSR1;FEZF1;FOXJ3;GTF2F1;HDAC3;HES6;HIF1A;HMGB2;HSF1;HSF2;HTATIP2;ING4;IRF9;JAZF1;KDM2A;KLF13;KLF16;LDB1;LRRFIP1;MAZ;MBD1;MEF2D;MLX;MTA3;MZF1;NCOA1;NCOR2;NFE2L1;NFE2L2;NFIX;NONO;NR1D2;NR2F6;OTP;PBX1;PBX2;PBX3;PEG3;PHF1;POU3F3;POU6F1;RBFOX2;RFX5;RXRB;RXRG;SALL2;SF1;SFPQ;SKI;SMARCA1;SMARCA5;SREBF2;SSRP1;STAT1;STAT2;STAT5B;TBL1XR1;TBPL1;TEF;TERF2;TFCP2;TFE3;THAP11;THRA;TRIM28;UBP1;USF1;ZBTB18;ZBTB4;ZFP90;ZGPAT;ZNF189;ZNF219;ZNF692;ZNF76;ZSCAN18,94,exp03-coregnet,0.48829,0.471,0.49512,7.71647,5.68774,6.22542,0.53855,1.60049,0.47851,0.0,0.0,0.0
5,a650a9f0cb60,CCND3,APEX1;ATF2;ATF4;ATF5;ATF6B;BCLAF1;CEBPG;CIC;CREBZF;CTBP1;CTNNB1;DDIT3;DEAF1;DMAP1;DRAP1;E2F4;E4F1;ENO1;ESRRA;EWSR1;FEZF1;FOXJ3;GTF2F1;HDAC3;HEY1;HIF1A;HMGB2;HSF1;HSF2;HTATIP2;ING4;IRF9;JAZF1;JUND;KDM2A;KLF16;KLF6;LDB1;LRRFIP1;MAFG;MAZ;MBD1;MEF2D;MLX;MTA3;MZF1;NCOA1;NCOR2;NFE2L1;NFE2L2;NONO;NR1D2;NR2F6;OTP;PBX1;PBX2;PBX3;PEG3;PHF1;POU6F1;RBFOX2;RFX5;RXRB;RXRG;SF1;SFPQ;SKI;SMARCA1;SMARCA5;SND1;SREBF2;SRF;SSRP1;STAT1;STAT2;STAT3;STAT5B;TBL1XR1;TBPL1;TERF2;TFCP2;TFE3;THAP11;THRA;TRIM28;UBP1;USF1;ZBTB18;ZBTB4;ZBTB7A;ZFP90;ZGPAT;ZNF219;ZNF692;ZNF76;ZSCAN18,96,exp03-coregnet,0.49965,0.48944,0.50219,8.69507,6.99849,6.96643,0.52629,1.59634,0.46186,0.03125,0.08108,0.02308
6,3d9cb3485e48,CD14,ARID5A;ATF3;BCL6;CEBPB;CEBPD;EGR1;FEZF1;FOS;FOSL2;FOXJ1;HES5;HMGA1;HSF2;JAZF1;KDM5D;MAFF;MEIS3;NFIL3;OTP;PEG3;RBFOX2;SIX3;SMARCA1;STAT1;XBP1,25,exp03-coregnet,0.46111,0.54333,0.46722,5.94219,14.56564,3.60909,0.52896,1.6897,0.45553,0.12,0.15,0.07143
7,cec0a16873b2,CDKN1A,ARID5A;ATF3;BCL6;BHLHE40;CEBPB;CEBPD;EGR1;FOS;FOSL2;HES5;JUN;JUNB;KDM5D;MAFF;NFIL3;OTP;XBP1,17,exp03-coregnet,0.54963,0.71078,0.53799,14.47982,38.92988,8.01427,0.57374,1.90575,0.49218,0.41176,0.02756,0.02652
8,58f1b638a128,CDKN1C,FEZF1;FOXJ1;HES5;KDM5D;MYRF;NKX6-2;OTP;PEG3;SOX10;ZEB2,10,exp03-coregnet,0.32889,0.55556,0.33741,0.35698,5.95752,0.4195,0.54765,1.82146,0.47784,0.0,0.0,0.0
9,9e0ff7a13976,CLU,APEX1;ATF2;ATF3;ATF4;ATF6B;BCL6;BCLAF1;BHLHE40;BHLHE41;CEBPB;CEBPG;CIC;CREBL2;CTBP1;DDIT3;DEAF1;E2F4;E4F1;ELK1;ENO1;EWSR1;FEZF1;FOSL2;FOXJ3;GTF2F1;HDAC3;HIF1A;HMGA1;HMGB2;HSF1;HSF2;ID2;ID4;ING4;IRF9;JAZF1;JUND;KDM2A;KLF16;LDB1;LRRFIP1;MAFG;MBD1;MEF2D;MLX;MTA3;NFE2L1;NFIL3;NONO;NR1D1;OTP;PBX1;PBX2;PBX3;PEG3;PHF1;RBFOX2;RFX4;RFX5;RXRB;RXRG;SALL2;SF1;SFPQ;SMARCA1;SND1;SOX2;SOX9;SREBF1;SREBF2;SSRP1;STAT1;STAT2;STAT3;STAT5B;TBPL1;TEF;TERF2;TFE3;THAP11;THRA;TRIM28;UBP1;USF1;ZBTB7A;ZGPAT;ZSCAN18,87,exp03-coregnet,0.50541,0.49909,0.50913,9.00411,8.34582,7.43345,0.52334,1.61601,0.45561,0.06897,0.24,0.0566
10,646b2abb19ec,CRYAB,ATF3;CEBPD;FEZF1;FOS;FOSL2;HES5;JUN;KDM5D;MAFF;MYRF;NKX6-2;OTP;SOX10;ZEB2,14,exp03-coregnet,0.43919,0.60623,0.42143,8.28361,17.6155,5.50676,0.58066,1.83751,0.52541,0.0,0.0,0.0
11,b9f9af00936f,CSF1R,ATF3;BCL6;BHLHE41;CEBPD;CREBL2;FEZF1;FOS;FOSL2;FOXJ1;JAZF1;KDM5D;MEIS3;MLXIPL;NFIL3;OTP;PEG3;RBFOX2;SIX3;SMARCA1;STAT1;STAT5B;XBP1,22,exp03-coregnet,0.44192,0.53535,0.44372,4.83602,12.43459,2.60668,0.52926,1.6604,0.45719,0.13636,0.13043,0.07143
12,cfc3536594f6,DUSP1,ATF3;CEBPD;EGR1;FEZF1;FOS;FOSL2;FOXJ1;HES1;JUN;JUNB;KDM5D;MAFF;MYRF;NR4A1;OTP;PEG3,16,exp03-coregnet,0.49931,0.62083,0.48264,10.3167,26.32233,5.97005,0.56352,1.77121,0.50688,0.125,0.06897,0.04651
13,f5591bd040e9,FASN,APEX1;ATF2;ATF4;ATF5;ATF6B;BCLAF1;CEBPG;CIC;CREBZF;CTBP1;CTNNB1;DBP;DDIT3;DEAF1;DMAP1;DRAP1;E2F4;E4F1;ELK1;ENO1;ERF;EWSR1;FEZF1;FOXJ3;GTF2F1;HDAC3;HMGA1;HSF1;HSF2;HSF4;ING4;IRF9;JAZF1;JUND;KDM2A;KLF16;LDB1;LRRFIP1;MAFG;MAZ;MBD1;MEF2D;MEIS3;MESP1;MLX;MLXIPL;MTA3;MZF1;NCOA1;NCOR2;NFE2L1;NONO;NR2F6;OTP;PBX1;PBX2;PBX3;PEG3;PHF1;POU6F1;RBFOX2;RFX5;RXRB;RXRG;SALL2;SF1;SFPQ;SKI;SMARCA1;SND1;SREBF2;SRF;SSRP1;STAT1;STAT2;STAT5B;TBL1XR1;TBPL1;TEF;TERF2;TFE3;THAP11;THRA;TRIM28;UBP1;USF1;ZBTB18;ZBTB4;ZBTB7A;ZFP90;ZGPAT;ZNF692;ZNF76;ZSCAN18,94,exp03-coregnet,0.48858,0.47152,0.49365,7.59837,5.53152,6.15921,0.53742,1.60544,0.47548,0.05319,0.14286,0.04032
14,59ee26b9b003,GADD45B,ARID5A;ATF3;BCL6;CEBPB;CEBPD;EGR1;FOS;FOSL2;HES5;JUN;JUNB;MAFF;NFIL3;NR4A1;OTP;XBP1,16,exp03-coregnet,0.56736,0.75833,0.5625,16.74429,48.36752,9.34987,0.59413,2.02044,0.50223,0.25,0.17391,0.11429
15,9d60e258f418,GSTP1,APEX1;ATF2;ATF4;ATF5;ATF6B;BCLAF1;CEBPG;CIC;CREBL2;CREBZF;CTBP1;CTNNB1;DDIT3;DEAF1;DMAP1;DRAP1;E2F4;E4F1;ENO1;ESRRA;EWSR1;FOXJ3;GTF2F1;HDAC3;HEY1;HMGB2;HSF1;HSF2;HTATIP2;ING4;IRF9;JAZF1;KDM2A;KLF16;LDB1;LRRFIP1;MAZ;MBD1;MEF2D;MLX;MTA3;MZF1;NCOA1;NCOR2;NFE2L1;NFE2L2;NONO;NR1D2;NR2F6;OTP;PBX1;PBX2;PBX3;PEG3;PHF1;POU6F1;RBFOX2;RFX5;RXRB;RXRG;SALL2;SF1;SFPQ;SKI;SMARCA1;SMARCA5;SND1;SREBF2;SRF;SSRP1;STAT1;STAT5B;TBL1XR1;TBPL1;TEF;TERF2;TFCP2;TFE3;THAP11;THRA;TRIM28;UBP1;USF1;ZBTB18;ZBTB4;ZBTB7A;ZFP90;ZGPAT;ZNF219;ZNF692;ZNF76;ZSCAN18,92,exp03-coregnet,0.49624,0.47818,0.50076,8.2695,5.98695,6.90913,0.52561,1.57974,0.46295,0.03261,0.07692,0.02344
16,bb2054ec4dd0,HBA2,CEBPD;FEZF1;FOXJ1;HES5;KDM5D;OTP;PEG3,7,exp03-coregnet,0.35317,0.47619,0.37302,0.18376,1.45065,0.37999,0.53652,1.60468,0.48877,0.0,0.0,0.0
17,2cb2aa584f35,HBB,CEBPD;FEZF1;HES5;KDM5D;OTP;PEG3,6,exp03-coregnet,0.33889,0.44444,0.35556,0.09397,1.35841,0.22497,0.55248,1.56004,0.51479,0.16667,0.01695,0.01562
18,13ab5135cf28,HLA-DRB1,ATF3;BCL6;BHLHE41;CEBPB;CEBPD;CREBL2;EGR1;FEZF1;FOS;FOSL2;FOXJ1;HMGA1;HSF2;JAZF1;JUN;JUNB;KDM5D;MAFF;MEIS3;MLXIPL;NFIL3;NR4A1;OTP;PEG3;RBFOX2;SIX3;SMARCA1;SND1;STAT1;STAT5B;XBP1,31,exp03-coregnet,0.4862,0.56559,0.48996,8.16227,19.50643,5.13784,0.54211,1.71134,0.46758,0.06452,0.06667,0.0339
19,23bf088f57c3,HLA-E,ARID5A;ATF3;BCL6;BHLHE40;CEBPB;CEBPD;DDIT3;EGR1;ERF;ETS2;FEZF1;FOS;FOSL2;HES5;HIF1A;HMGA1;ID1;IRF9;JUN;JUNB;KLF6;KLF9;LMO2;MAFF;NFIL3;NR4A1;OTP;PEG3;SND1;STAT3;XBP1,31,exp03-coregnet,0.52814,0.63943,0.52509,9.54319,26.60274,6.2478,0.55485,1.79382,0.47471,0.06452,0.03846,0.02469
20,ce8ea4f6d794,HSP90AA1,APEX1;ATF2;ATF4;ATF5;ATF6B;BCLAF1;BHLHE41;CEBPG;CREBL2;CTBP1;CTNNB1;DDIT3;DEAF1;DMAP1;DRAP1;E2F4;ENO1;EWSR1;FEZF1;FOXJ3;GTF2F1;HDAC3;HIF1A;HMGA1;HMGB2;HSF1;HSF2;HTATIP2;ING4;JAZF1;JUND;KDM2A;LDB1;LRRFIP1;MAFG;MBD1;MEF2D;MLX;MTA3;NCOA1;NFE2L1;NFIL3;NONO;NR1D2;OTP;PBX1;PBX2;PBX3;PEG3;PHF1;RBFOX2;RFX5;RXRB;RXRG;SALL2;SF1;SFPQ;SMARCA1;SMARCA5;SND1;SREBF2;SSRP1;STAT1;STAT2;STAT3;STAT5B;TBL1XR1;TBPL1;TEF;TERF2;TFCP2;TFE3;THAP11;THRA;TRIM28;UBP1;USF1;XBP1;ZFP90;ZGPAT;ZSCAN18,81,exp03-coregnet,0.5001,0.49506,0.50622,9.08924,7.69674,7.62644,0.50755,1.57221,0.4398,0.07407,0.3,0.06316
21,df3c07089f19,HSPA1A,ATF3;EGR1;FEZF1;FOS;FOSL2;FOXJ1;JUN;JUNB;KDM5D;MAFF;NR4A1;OTP;PEG3;SIX3,14,exp03-coregnet,0.51648,0.64469,0.48901,10.59969,29.99689,6.47293,0.56818,1.76758,0.51585,0.0,0.0,0.0
22,38dd0fd2089b,HSPA4,APEX1;ATF2;ATF6B;BCLAF1;CEBPG;CREBL2;CTBP1;CTNNB1;DEAF1;DMAP1;DRAP1;E2F4;ENO1;EWSR1;FEZF1;FOXJ3;GTF2F1;HDAC3;HIF1A;HMGA1;HSF1;HSF2;ING4;JAZF1;KDM2A;KLF16;LDB1;LRRFIP1;MAFG;MAZ;MBD1;MEF2D;MEIS3;MLX;MTA3;NCOA1;NFE2L1;NONO;NR2F6;OTP;PBX1;PBX2;PEG3;PHF1;POU6F1;RBFOX2;RFX5;RXRB;RXRG;SF1;SFPQ;SMARCA1;SND1;SREBF2;SSRP1;STAT1;STAT5B;TBL1XR1;TBPL1;TERF2;TFCP2;TFE3;THAP11;TRIM28;UBP1;USF1;XBP1;ZFP90;ZGPAT;ZSCAN18,70,exp03-coregnet,0.49872,0.48699,0.50449,9.72221,6.606,8.0835,0.51852,1.557,0.45273,0.1,0.17073,0.06731
23,dd373cae00dc,ID3,ARID5A;ATF3;BCL6;BHLHE40;CEBPD;FEZF1;FOS;FOSL2;FOXJ1;HES5;ID1;JUN;JUNB;KDM5D;MAFF;NFIL3;NR4A1;OTP;PEG3;RFX4;STAT1,21,exp03-coregnet,0.4873,0.59683,0.47579,8.86496,21.74603,4.79446,0.56581,1.76156,0.50217,0.04762,0.04762,0.02439
24,16098ee591f7,MAT2A,APEX1;ATF2;ATF4;ATF6B;BCLAF1;CEBPG;CIC;CREBL2;CREBZF;CTBP1;CTNNB1;DDIT3;DMAP1;DRAP1;E2F4;E4F1;ENO1;ERF;ETS2;EWSR1;FOXJ3;GTF2F1;HDAC3;HEY1;HIF1A;HMGA1;HMGB2;HSF1;HSF2;ING4;IRF9;JAZF1;JUND;KDM2A;KLF16;KLF6;LDB1;LRRFIP1;MAFG;MAZ;MBD1;MEF2D;MLX;MTA3;MZF1;NCOA1;NCOR2;NFE2L1;NFE2L2;NONO;NR1D2;PBX1;PBX2;PEG3;PHF1;POU6F1;RBFOX2;RFX5;RXRB;RXRG;SALL2;SF1;SFPQ;SKI;SMARCA1;SMARCA5;SND1;SREBF1;SREBF2;SRF;SSRP1;STAT1;STAT2;STAT3;STAT5B;TBL1XR1;TBPL1;TERF2;TFCP2;TFE3;THAP11;THRA;TRIM28;UBP1;USF1;ZBTB18;ZBTB4;ZBTB7A;ZFP90;ZGPAT;ZNF189;ZNF692;ZNF76;ZSCAN18,94,exp03-coregnet,0.50799,0.49445,0.51098,9.41389,7.5691,7.65024,0.52596,1.60272,0.459,0.03191,0.14286,0.02679
25,75993f9b51a6,MCL1,ARID5A;ATF3;BCL6;BCLAF1;BHLHE40;CEBPB;CEBPD;DDIT3;EGR1;ENO1;ERF;ETS2;FEZF1;FOS;FOSL2;HIF1A;HSF2;ID2;JUN;JUNB;JUND;KDM5D;KLF6;KLF9;MAFF;MLX;NFIL3;NR4A1;OTP;PEG3;SIX3;SND1;SOX2;STAT2;STAT3;STAT5B;TFE3;XBP1,38,exp03-coregnet,0.51873,0.60906,0.51612,10.02546,24.83538,6.30466,0.56456,1.80772,0.48624,0.15789,0.16216,0.08696
26,ac5441da77bc,NDRG1,ATF3;EGR1;FEZF1;FOXJ1;FOXO4;HES5;KDM5D;MYRF;NKX6-2;OLIG2;OTP;SIX3;SOX10;SOX8;ZEB2,15,exp03-coregnet,0.36968,0.57778,0.37032,1.11942,13.49149,1.14429,0.55672,1.93519,0.4683,0.06667,0.05,0.02941
27,d29151ef3304,NFKBIA,ARID5A;ATF3;ATF4;BCL6;BHLHE40;CEBPB;CEBPD;DDIT3;EGR1;ERF;ETS2;FOS;FOSL2;HES5;HIF1A;JUN;JUNB;KDM5D;KLF6;KLF9;LMO2;MAFF;NFIL3;NR1D1;NR4A1;OTP;SREBF1;STAT3;XBP1,29,exp03-coregnet,0.53797,0.68391,0.53366,10.97408,33.00391,6.50983,0.56064,1.91138,0.47352,0.17241,0.14706,0.08621
28,69d9072ecc37,OGA,APEX1;ATF2;ATF4;ATF6B;BCLAF1;BHLHE41;CEBPG;CIC;CREBL2;CREBZF;CTBP1;CTNNB1;DEAF1;DMAP1;DRAP1;E2F4;E4F1;ENO1;EWSR1;FOXJ3;GTF2F1;HDAC3;HEY1;HMGB2;HSF1;HSF2;ING4;IRF9;JAZF1;KDM2A;KLF16;LDB1;LRRFIP1;MAZ;MBD1;MEF2D;MEIS3;MLX;MTA3;MZF1;NCOA1;NCOR2;NFE2L1;NONO;NR1D2;NR2F6;PBX1;PBX2;PBX3;PEG3;PHF1;POU6F1;RBFOX2;RFX5;RXRB;RXRG;SF1;SFPQ;SKI;SMARCA1;SMARCA5;SND1;SREBF2;SRF;SSRP1;STAT1;STAT2;STAT5B;TBL1XR1;TBPL1;TEF;TERF2;TFCP2;TFE3;THAP11;THRA;TRIM28;UBP1;USF1;ZBTB18;ZBTB4;ZFP90;ZGPAT;ZNF189;ZNF219;ZNF692;ZNF76;ZSCAN18,88,exp03-coregnet,0.49858,0.47655,0.50266,8.27147,5.94071,7.02092,0.5305,1.58239,0.46818,0.05682,0.19231,0.04587
29,1ca7bc9c10e9,PCNA,APEX1;ATF2;ATF4;ATF5;ATF6B;BCLAF1;BHLHE41;CEBPG;CIC;CREBL2;CREBZF;CTBP1;CTNNB1;DEAF1;DMAP1;DRAP1;E2F4;E4F1;ENO1;ESRRA;EWSR1;FEZF1;FOXJ3;GTF2F1;HDAC3;HEY1;HMGB2;HSF1;HSF2;HTATIP2;ING4;IRF9;JAZF1;KDM2A;KLF13;KLF16;LDB1;LRRFIP1;MAZ;MBD1;MEF2D;MLX;MTA3;MZF1;NCOA1;NCOR2;NFE2L1;NFE2L2;NFIX;NONO;NR1D2;NR2F6;PBX1;PBX2;PBX3;PEG3;PHF1;POU6F1;RBFOX2;RFX5;RXRB;RXRG;SALL2;SF1;SFPQ;SKI;SMARCA1;SMARCA5;SND1;SREBF1;SREBF2;SRF;SSRP1;STAT1;STAT2;STAT5B;TBL1XR1;TBPL1;TEF;TERF2;TFCP2;TFE3;THAP11;THRA;TRIM28;UBP1;USF1;ZBTB18;ZBTB4;ZBTB7A;ZFP90;ZGPAT;ZNF189;ZNF219;ZNF692;ZNF76;ZSCAN18,97,exp03-coregnet,0.49597,0.47625,0.50233,8.2434,5.84243,6.71904,0.53083,1.58679,0.46956,0.05155,0.10638,0.03597
30,27a9e0bfa01d,PDK4,ARID5A;ATF3;BCL6;CEBPB;CEBPD;EGR1;FEZF1;FOS;FOSL2;HES5;HIF1A;KDM5D;KLF15;KLF9;MAFF;MYRF;NFIL3;OTP;PEG3;SOX9;XBP1,21,exp03-coregnet,0.46706,0.60317,0.4631,7.14736,23.40167,4.45542,0.54273,1.81961,0.46327,0.04762,0.04348,0.02326
31,1010417fad06,PER1,ARID5A;ATF3;BCL6;BHLHE40;CEBPB;CEBPD;DDIT3;EGR1;ERF;FEZF1;FOS;FOSL2;HIF1A;HMGA1;HSF2;JAZF1;JUN;JUNB;JUND;KLF9;MAFF;NFIL3;NR1D1;NR4A1;OTP;PEG3;RBFOX2;SMARCA1;SOX9;STAT1;STAT5B;XBP1,32,exp03-coregnet,0.53058,0.62164,0.52655,10.95318,28.45667,6.51651,0.55754,1.856,0.47032,0.1875,0.23077,0.11538
32,74aa657258af,PKD1,ATF2;ATF6B;BCLAF1;CIC;CREBL2;CTBP1;DEAF1;E2F4;E4F1;ELK1;FEZF1;FOXJ3;HDAC3;HMGA1;HSF2;HSF4;ING4;JAZF1;KDM2A;LDB1;LRRFIP1;MAFG;MBD1;MEF2D;MEIS3;MLX;MLXIPL;MTA3;MZF1;NCOA1;NCOR2;NFE2L1;NONO;NR2F2;OTP;PBX1;PBX2;PEG3;PHF1;RBFOX2;RFX5;RXRB;RXRG;SALL2;SIX3;SMARCA1;SND1;SREBF2;STAT1;STAT5B;TBPL1;TEF;TERF2;THRA;UBP1;USF1;ZGPAT;ZSCAN18,58,exp03-coregnet,0.48241,0.46895,0.48296,6.70067,5.2664,4.98731,0.5401,1.61146,0.47801,0.05172,0.15,0.04
33,b62b82c018ec,PRKACA,APEX1;ATF2;ATF6B;BCLAF1;CIC;CREBL2;CTBP1;DEAF1;DMAP1;DRAP1;E2F4;E4F1;ENO1;EWSR1;FEZF1;FOXJ3;GTF2F1;HDAC3;HSF1;HSF2;HSF4;ING4;JAZF1;KDM2A;LDB1;LRRFIP1;MAFG;MBD1;MEF2D;MEIS3;MLX;MTA3;MZF1;NCOA1;NFE2L1;NONO;NR2F6;OTP;PBX1;PBX2;PEG3;PHF1;RBFOX2;RFX5;RXRB;RXRG;SALL2;SF1;SFPQ;SIX3;SMARCA1;SND1;SREBF2;SSRP1;STAT1;STAT5B;TBPL1;TERF2;TFE3;THAP11;TRIM28;UBP1;USF1;ZFP90;ZGPAT;ZSCAN18,66,exp03-coregnet,0.49386,0.47249,0.49845,8.1599,5.32246,7.00203,0.52177,1.5307,0.46248,0.07576,0.10638,0.0463
34,5e5a5e32d6be,SOCS3,ARID5A;ATF3;BCL6;CEBPD;EGR1;FEZF1;FOS;FOSL2;HES5;JUNB;KDM5D;MAFF;NFIL3;OTP;PEG3,15,exp03-coregnet,0.48651,0.6,0.47302,9.37054,23.09132,4.7682,0.58445,1.78206,0.52307,0.06667,0.02703,0.01961
35,622075c9bccc,SOD2,APEX1;ARID5A;ATF2;ATF3;ATF4;ATF5;BCL6;BCLAF1;CEBPB;CEBPD;CEBPG;CREBZF;CTNNB1;DDIT3;ELK1;ENO1;ETS2;FEZF1;FOSL2;FOXJ3;GTF2F1;HDAC3;HES5;HIF1A;HMGA1;HMGB2;HSF1;HSF2;JAZF1;JUN;LMO2;LRRFIP1;MAFF;MAFG;MBD1;MEF2D;MLX;NFIL3;NONO;OTP;PBX3;PEG3;SMARCA1;SND1;SREBF2;STAT1;STAT3;TERF2;TFE3;THRA;UBP1;XBP1;ZSCAN18,53,exp03-coregnet,0.5205,0.52564,0.52516,9.82084,11.28754,7.45921,0.52069,1.67805,0.4437,0.11321,0.15,0.06897
36,256a2602de7a,SPARC,ATF3;BCL6;CREBL2;EGR1;ELK1;FEZF1;FOS;FOXJ1;HES5;HEYL;HIF1A;HMGA1;HMGB2;HSF4;ID2;ID4;JAZF1;KDM5D;MAFF;MEIS3;MESP1;NFIL3;NR1D1;NR2F1;NR2F2;NR4A1;OTP;PEG3;RBFOX2;RFX4;RXRG;SALL2;SIX3;SMARCA1;SOX2;SOX9;SREBF2;STAT1;STAT5B;TBPL1,40,exp03-coregnet,0.44744,0.51261,0.44744,3.61479,11.30812,2.64006,0.51802,1.68901,0.44227,0.0,0.0,0.0
37,4ceae812ba2f,SQSTM1,APEX1;ATF2;ATF4;ATF5;ATF6B;BCLAF1;CEBPG;CIC;CREBL2;CTBP1;CTNNB1;DDIT3;DEAF1;DMAP1;DRAP1;E2F4;E4F1;ENO1;ETS2;EWSR1;FEZF1;FOXJ3;GTF2F1;HDAC3;HIF1A;HMGA1;HMGB2;HSF1;HSF2;HTATIP2;ING4;IRF9;JAZF1;KDM2A;KLF16;LDB1;LRRFIP1;MAFG;MAZ;MBD1;MEF2D;MLX;MTA3;MZF1;NCOA1;NCOR2;NFE2L1;NONO;NR2F6;OTP;PBX1;PBX2;PEG3;PHF1;POU6F1;RBFOX2;RFX5;RXRB;RXRG;SF1;SFPQ;SKI;SMARCA1;SMARCA5;SND1;SREBF2;SRF;SSRP1;STAT1;STAT5B;TBPL1;TERF2;TFCP2;TFE3;THAP11;THRA;TRIM28;UBP1;USF1;XBP1;ZBTB18;ZBTB4;ZBTB7A;ZFP90;ZGPAT;ZNF219;ZNF76;ZSCAN18,88,exp03-coregnet,0.49993,0.4852,0.50283,9.18495,6.47576,7.48496,0.5232,1.58774,0.45747,0.02273,0.1,0.01887
38,50f304bc0278,STMN1,APEX1;ATF2;ATF5;ATF6B;BCLAF1;BHLHE41;CIC;CREBL2;CREBZF;CTBP1;CTNNB1;DEAF1;DMAP1;DRAP1;E2F4;E4F1;ENO1;EWSR1;FOXJ3;GTF2F1;HDAC3;HSF1;HSF2;HSF4;HTATIP2;ING4;JAZF1;KDM2A;LDB1;LRRFIP1;MAFG;MAZ;MBD1;MEF2D;MEIS3;MLX;MTA3;MZF1;NCOA1;NCOR2;NFE2L1;NONO;NR1D2;PBX1;PBX2;PBX3;PEG3;PHF1;POU6F1;RBFOX2;RFX5;RXRB;RXRG;SALL2;SF1;SFPQ;SMARCA1;SMARCA5;SND1;SREBF2;SSRP1;STAT1;STAT2;STAT5B;TBL1XR1;TBPL1;TEF;TERF2;TFCP2;TFE3;THAP11;THRA;TRIM28;UBP1;USF1;ZBTB18;ZBTB7A;ZFP90;ZGPAT;ZNF189;ZSCAN18,81,exp03-coregnet,0.49653,0.47593,0.50319,8.65385,6.25473,7.53372,0.52269,1.54591,0.46297,0.01235,0.05,0.01
39,175aaf3cc166,SUMO1,APEX1;ATF2;ATF6B;BCLAF1;CEBPG;CIC;CREBL2;CREBZF;CTBP1;CTNNB1;DEAF1;DMAP1;DRAP1;E2F4;E4F1;ENO1;EWSR1;FEZF1;FOXJ3;GTF2F1;HDAC3;HEY1;HMGA1;HSF1;HSF2;ING4;JAZF1;KDM2A;KLF16;LDB1;LRRFIP1;MAFG;MAZ;MBD1;MEF2D;MEIS3;MLX;MTA3;MZF1;NCOA1;NCOR2;NFE2L1;NONO;NR1D2;NR2F6;OTP;PBX1;PBX2;PBX3;PEG3;PHF1;POU6F1;RBFOX2;RFX5;RXRB;RXRG;SALL2;SF1;SFPQ;SKI;SMARCA1;SMARCA5;SND1;SREBF2;SSRP1;STAT1;STAT5B;TBL1XR1;TBPL1;TEF;TERF2;TFCP2;TFE3;THAP11;THRA;TRIM28;UBP1;USF1;ZBTB18;ZBTB4;ZFP90;ZGPAT;ZNF219;ZNF692;ZNF76;ZSCAN18,86,exp03-coregnet,0.49346,0.47237,0.49799,8.62094,5.60849,7.23427,0.53605,1.58032,0.47539,0.02326,0.08333,0.01852
40,419fd8341186,TAGLN,ARID5A;ATF3;CEBPD;FEZF1;FOSL2;HES5;HMGA1;KDM5D;KLF9;MAFF;MYRF;NFIL3;NKX6-2;PEG3;STAT1;STAT2,16,exp03-coregnet,0.41333,0.51944,0.42,5.11568,9.95787,2.38549,0.57311,1.73446,0.51825,0.0,0.0,0.0
41,54f7293df82d,TIMP1,ARID5A;ATF3;BCL6;BHLHE40;CEBPB;CEBPD;DDIT3;EGR1;FEZF1;FOS;FOSL2;FOXJ1;HES5;HMGA1;JUN;JUNB;LMO2;MAFF;NFIL3;OTP;PEG3;SIX3;STAT1;STAT3;XBP1,25,exp03-coregnet,0.54167,0.65278,0.53778,9.91851,30.45272,6.64276,0.5496,1.90903,0.4569,0.24,0.15789,0.10526
42,8b5df0a24a26,TIMP3,APEX1;ARID5A;ATF2;ATF5;ATF6B;BCLAF1;BHLHE40;CIC;CREBZF;CTBP1;DBP;DDIT3;DEAF1;DRAP1;E2F4;E4F1;ELK1;ENO1;ERF;ESRRA;ETS2;EWSR1;FEZF1;FOSL2;FOXJ3;GTF2F1;HDAC3;HES4;HEY1;HIF1A;HMGA1;HMGB2;HSF1;HSF2;ID2;ING4;IRF9;JAZF1;JUND;KDM2A;KLF15;KLF16;KLF9;LDB1;LMO2;LRRFIP1;MAFG;MAZ;MBD1;MEF2D;MLX;MLXIPL;MTA3;NCOA1;NCOR2;NFE2L1;NFIL3;NONO;NR1D2;NR2F1;PBX1;PBX2;PBX3;PEG3;PHF1;POU6F1;RBFOX2;RFX4;RFX5;RXRB;RXRG;SALL2;SF1;SFPQ;SMARCA1;SND1;SOX2;SREBF1;SREBF2;STAT1;STAT2;STAT3;STAT5B;TBPL1;TEF;TERF2;TFCP2;TFE3;THRA;TRIM28;UBP1;USF1;XBP1;ZBTB4;ZBTB7A;ZGPAT;ZSCAN18,97,exp03-coregnet,0.50086,0.48785,0.49905,7.98931,6.70532,6.0147,0.53878,1.63722,0.4724,0.02062,0.09091,0.01709
43,aca3613855ec,TKT,APEX1;ATF2;ATF4;ATF5;ATF6B;BCLAF1;CEBPG;CIC;CREBL2;CREBZF;CTBP1;CTNNB1;DDIT3;DEAF1;DMAP1;DRAP1;E2F4;E4F1;ENO1;ESRRA;EWSR1;FEZF1;FOXJ3;GTF2F1;HDAC3;HEY1;HMGA1;HMGB2;HSF1;HSF2;HTATIP2;ING4;IRF9;JAZF1;KDM2A;KLF16;LDB1;LRRFIP1;MAFG;MAZ;MBD1;MEF2D;MLX;MTA3;MZF1;NCOA1;NCOR2;NFE2L1;NONO;NR2F6;PBX1;PBX2;PBX3;PEG3;PHF1;POU6F1;RBFOX2;RFX5;RXRB;RXRG;SALL2;SF1;SFPQ;SKI;SMARCA1;SMARCA5;SND1;SREBF2;SRF;SSRP1;STAT1;STAT2;STAT5B;TBL1XR1;TBPL1;TERF2;TFCP2;TFE3;THAP11;THRA;TRIM28;UBP1;USF1;ZBTB18;ZBTB4;ZBTB7A;ZFP90;ZGPAT;ZNF219;ZNF692;ZNF76;ZSCAN18,92,exp03-coregnet,0.4995,0.47838,0.5037,8.61304,6.01293,7.23079,0.52733,1.58253,0.46432,0.02174,0.07143,0.01695
44,d0870f474a58,TXN,APEX1;ATF2;ATF4;ATF5;ATF6B;BCLAF1;CEBPG;CIC;CREBZF;CTBP1;CTNNB1;DDIT3;DEAF1;DMAP1;DRAP1;E2F4;E4F1;ENO1;ESRRA;EWSR1;FEZF1;FOXJ3;GTF2F1;HDAC3;HEY1;HMGA1;HMGB2;HSF1;HSF2;HTATIP2;ING4;IRF9;JAZF1;JUND;KDM2A;KLF16;LDB1;LRRFIP1;MAFG;MAZ;MBD1;MEF2D;MLX;MTA3;MZF1;NCOA1;NCOR2;NFE2L1;NFE2L2;NONO;NR1D2;NR2F6;OTP;PBX1;PBX2;PBX3;PEG3;PHF1;POU6F1;RBFOX2;RFX5;RXRB;SF1;SFPQ;SKI;SMARCA1;SMARCA5;SND1;SREBF2;SRF;SSRP1;STAT1;STAT5B;TBL1XR1;TBPL1;TEF;TERF2;TFCP2;TFE3;THAP11;THRA;TRIM28;UBP1;USF1;ZBTB18;ZBTB4;ZBTB7A;ZFP90;ZGPAT;ZNF219;ZNF692;ZNF76;ZSCAN18,93,exp03-coregnet,0.4976,0.48138,0.50152,8.90105,6.22651,7.10697,0.52632,1.58596,0.4637,0.03226,0.15,0.02727
45,b733afb25ab6,VEGFA,ARID5A;ATF2;ATF3;BCL6;BCLAF1;BHLHE40;CEBPD;CREBL2;DDIT3;EGR1;ENO1;FEZF1;FOS;FOSL2;FOXJ3;HES5;HIF1A;HMGA1;HSF2;HSF4;JAZF1;JUN;JUNB;KDM5D;MAFF;MEF2D;MEIS3;MTA3;MYRF;NFIL3;NR2F1;NR2F2;NR4A1;OTP;PEG3;RBFOX2;SIX3;SMARCA1;SND1;SREBF2;STAT1;STAT2;STAT5B;TEF;UBP1;XBP1,46,exp03-coregnet,0.48631,0.53188,0.48478,7.20723,13.81847,4.71439,0.5463,1.6979,0.47204,0.23913,0.07746,0.06215
46,0007cf1b012e,VIM,ARID5A;ATF3;BCL6;CEBPD;EGR1;FEZF1;FOS;FOSL2;FOXJ1;HES5;JUN;JUNB;KDM5D;LMO2;MAFF;MYRF;NFIL3;NR4A1;OTP;PEG3;SIX3;SOX9;XBP1,23,exp03-coregnet,0.47365,0.60145,0.46542,7.04601,21.40181,4.32077,0.53425,1.78385,0.45661,0.04348,0.02,0.01389
